user_id,age,platform,daily_usage_minutes,content_type,engagement_score,mental_fatigue_level,date
7,54,TikTok,326,Live,8.44,5,2023-01-01 06:00:00
8,34,TikTok,335,Reels,6.58,2,2023-01-01 07:00:00
10,26,TikTok,12,Live,1.62,4,2023-01-01 09:00:00
11,26,TikTok,187,Shorts,1.37,3,2023-01-01 10:00:00
12,39,TikTok,138,Posts,3.69,1,2023-01-01 11:00:00
14,55,TikTok,359,Reels,3.04,3,2023-01-01 13:00:00
24,36,TikTok,214,Shorts,6.04,1,2023-01-01 23:00:00
30,64,TikTok,318,Stories,4.65,3,2023-01-02 05:00:00
33,43,TikTok,54,Stories,6.15,1,2023-01-02 08:00:00
37,59,TikTok,261,Shorts,5.62,10,2023-01-02 12:00:00
41,36,TikTok,305,Live,8.89,3,2023-01-02 16:00:00
42,24,TikTok,326,Stories,4.4,9,2023-01-02 17:00:00
51,35,TikTok,253,Live,9.86,4,2023-01-03 02:00:00
56,23,TikTok,338,Shorts,8.78,1,2023-01-03 07:00:00
57,62,TikTok,205,Reels,7.44,5,2023-01-03 08:00:00
60,32,TikTok,136,Reels,1.79,6,2023-01-03 11:00:00
61,51,TikTok,118,Shorts,7.22,7,2023-01-03 12:00:00
63,19,TikTok,200,Posts,7.69,6,2023-01-03 14:00:00
66,57,TikTok,139,Shorts,8.69,4,2023-01-03 17:00:00
71,59,TikTok,61,Stories,7.6,8,2023-01-03 22:00:00
76,46,TikTok,31,Stories,5.06,7,2023-01-04 03:00:00
78,30,TikTok,110,Posts,3.53,3,2023-01-04 05:00:00
82,55,TikTok,208,Reels,4.48,9,2023-01-04 09:00:00
84,31,TikTok,71,Live,0.56,8,2023-01-04 11:00:00
85,60,TikTok,94,Stories,5.52,8,2023-01-04 12:00:00
86,33,TikTok,264,Posts,4.47,9,2023-01-04 13:00:00
93,44,TikTok,276,Stories,6.6,10,2023-01-04 20:00:00
97,40,TikTok,176,Reels,1.78,1,2023-01-05 00:00:00
108,50,TikTok,104,Shorts,1.79,3,2023-01-05 11:00:00
111,20,TikTok,325,Reels,6.11,7,2023-01-05 14:00:00
112,57,TikTok,90,Reels,3.66,10,2023-01-05 15:00:00
121,48,TikTok,67,Shorts,8.19,9,2023-01-06 00:00:00
124,39,TikTok,325,Live,1.31,7,2023-01-06 03:00:00
129,37,TikTok,189,Posts,8.19,8,2023-01-06 08:00:00
137,18,TikTok,50,Stories,2.24,5,2023-01-06 16:00:00
138,16,TikTok,51,Shorts,6.14,10,2023-01-06 17:00:00
140,41,TikTok,153,Reels,5.52,7,2023-01-06 19:00:00
143,42,TikTok,123,Live,1.47,9,2023-01-06 22:00:00
146,30,TikTok,107,Reels,2.99,10,2023-01-07 01:00:00
148,57,TikTok,146,Posts,6.3,3,2023-01-07 03:00:00
149,28,TikTok,41,Shorts,4.37,3,2023-01-07 04:00:00
150,47,TikTok,12,Reels,4.69,9,2023-01-07 05:00:00
154,19,TikTok,111,Shorts,7.15,6,2023-01-07 09:00:00
157,38,TikTok,317,Reels,7.1,2,2023-01-07 12:00:00
158,54,TikTok,87,Live,8.02,9,2023-01-07 13:00:00
162,44,TikTok,285,Live,9.11,3,2023-01-07 17:00:00
167,37,TikTok,162,Live,6.61,5,2023-01-07 22:00:00
172,21,TikTok,218,Posts,3.31,4,2023-01-08 03:00:00
175,59,TikTok,183,Posts,1.74,7,2023-01-08 06:00:00
177,35,TikTok,145,Reels,1.34,1,2023-01-08 08:00:00
178,45,TikTok,35,Shorts,5.16,5,2023-01-08 09:00:00
181,40,TikTok,91,Stories,2.47,9,2023-01-08 12:00:00
186,28,TikTok,288,Live,4.13,8,2023-01-08 17:00:00
200,47,TikTok,249,Shorts,0.89,2,2023-01-09 07:00:00
204,64,TikTok,254,Posts,9.03,1,2023-01-09 11:00:00
210,64,TikTok,60,Live,1.43,10,2023-01-09 17:00:00
214,64,TikTok,162,Reels,2.73,8,2023-01-09 21:00:00
217,43,TikTok,82,Live,7.46,3,2023-01-10 00:00:00
220,47,TikTok,277,Reels,2.05,7,2023-01-10 03:00:00
221,48,TikTok,256,Posts,9.35,6,2023-01-10 04:00:00
223,34,TikTok,308,Shorts,8.78,1,2023-01-10 06:00:00
226,41,TikTok,117,Shorts,5.23,4,2023-01-10 09:00:00
231,26,TikTok,351,Stories,8.25,8,2023-01-10 14:00:00
232,32,TikTok,231,Posts,8.23,9,2023-01-10 15:00:00
239,26,TikTok,52,Shorts,7.51,2,2023-01-10 22:00:00
247,18,TikTok,222,Shorts,0.67,1,2023-01-11 06:00:00
252,18,TikTok,244,Shorts,6.28,6,2023-01-11 11:00:00
261,33,TikTok,339,Reels,7.24,3,2023-01-11 20:00:00
269,45,TikTok,253,Live,4.8,7,2023-01-12 04:00:00
273,31,TikTok,51,Shorts,2.45,3,2023-01-12 08:00:00
276,64,TikTok,96,Reels,2.99,5,2023-01-12 11:00:00
285,56,TikTok,334,Shorts,7.37,8,2023-01-12 20:00:00
287,34,TikTok,284,Reels,2.75,10,2023-01-12 22:00:00
289,31,TikTok,121,Shorts,9.89,8,2023-01-13 00:00:00
306,40,TikTok,23,Posts,6.66,2,2023-01-13 17:00:00
315,51,TikTok,51,Posts,2.9,3,2023-01-14 02:00:00
318,48,TikTok,107,Posts,9.57,8,2023-01-14 05:00:00
323,23,TikTok,33,Stories,1.67,5,2023-01-14 10:00:00
327,48,TikTok,317,Stories,8.19,8,2023-01-14 14:00:00
328,63,TikTok,193,Shorts,5.89,10,2023-01-14 15:00:00
332,61,TikTok,40,Stories,4.91,8,2023-01-14 19:00:00
337,23,TikTok,163,Posts,9.46,7,2023-01-15 00:00:00
338,42,TikTok,333,Stories,3.75,10,2023-01-15 01:00:00
340,49,TikTok,341,Stories,6.03,3,2023-01-15 03:00:00
342,45,TikTok,48,Reels,2.34,5,2023-01-15 05:00:00
346,48,TikTok,79,Stories,8.46,1,2023-01-15 09:00:00
347,20,TikTok,26,Live,4.97,5,2023-01-15 10:00:00
358,61,TikTok,114,Live,3.73,3,2023-01-15 21:00:00
364,44,TikTok,294,Live,4.42,5,2023-01-16 03:00:00
366,61,TikTok,91,Posts,7.68,4,2023-01-16 05:00:00
375,33,TikTok,224,Reels,7.12,8,2023-01-16 14:00:00
379,18,TikTok,101,Reels,9.48,3,2023-01-16 18:00:00
380,55,TikTok,216,Reels,7.41,2,2023-01-16 19:00:00
384,62,TikTok,298,Shorts,9.93,6,2023-01-16 23:00:00
389,57,TikTok,71,Live,4.34,3,2023-01-17 04:00:00
394,48,TikTok,47,Posts,7.53,9,2023-01-17 09:00:00
402,50,TikTok,125,Stories,9.2,7,2023-01-17 17:00:00
413,31,TikTok,113,Shorts,5.53,5,2023-01-18 04:00:00
415,27,TikTok,244,Live,3.83,10,2023-01-18 06:00:00
417,30,TikTok,349,Stories,5.86,1,2023-01-18 08:00:00
418,43,TikTok,150,Live,8.33,9,2023-01-18 09:00:00
421,47,TikTok,313,Shorts,2.15,8,2023-01-18 12:00:00
424,40,TikTok,223,Reels,8.6,4,2023-01-18 15:00:00
430,30,TikTok,273,Posts,6.07,6,2023-01-18 21:00:00
431,58,TikTok,24,Stories,9.22,7,2023-01-18 22:00:00
433,48,TikTok,307,Shorts,5.75,1,2023-01-19 00:00:00
438,54,TikTok,18,Reels,6.72,4,2023-01-19 05:00:00
453,34,TikTok,28,Shorts,3.04,6,2023-01-19 20:00:00
455,41,TikTok,99,Shorts,6.79,4,2023-01-19 22:00:00
457,41,TikTok,186,Live,3.1,8,2023-01-20 00:00:00
461,16,TikTok,280,Shorts,9.55,10,2023-01-20 04:00:00
463,62,TikTok,300,Reels,4.07,1,2023-01-20 06:00:00
467,40,TikTok,287,Shorts,9.24,10,2023-01-20 10:00:00
472,54,TikTok,277,Stories,2.46,9,2023-01-20 15:00:00
473,20,TikTok,53,Posts,5.68,9,2023-01-20 16:00:00
474,37,TikTok,341,Live,4.21,6,2023-01-20 17:00:00
487,64,TikTok,167,Posts,9.27,2,2023-01-21 06:00:00
494,41,TikTok,226,Reels,6.56,2,2023-01-21 13:00:00
505,51,TikTok,31,Posts,5.03,10,2023-01-22 00:00:00
506,49,TikTok,6,Reels,1.48,3,2023-01-22 01:00:00
512,20,TikTok,188,Posts,1.98,6,2023-01-22 07:00:00
518,17,TikTok,75,Shorts,2.05,6,2023-01-22 13:00:00
519,64,TikTok,214,Stories,3.67,1,2023-01-22 14:00:00
527,48,TikTok,348,Posts,9.45,8,2023-01-22 22:00:00
529,58,TikTok,337,Posts,9.28,1,2023-01-23 00:00:00
532,18,TikTok,201,Shorts,8.99,4,2023-01-23 03:00:00
540,28,TikTok,285,Reels,9.14,8,2023-01-23 11:00:00
542,46,TikTok,200,Reels,1.64,5,2023-01-23 13:00:00
546,38,TikTok,275,Live,2.8,8,2023-01-23 17:00:00
549,23,TikTok,56,Live,7.09,8,2023-01-23 20:00:00
550,44,TikTok,220,Reels,4.55,5,2023-01-23 21:00:00
552,25,TikTok,32,Shorts,9.21,3,2023-01-23 23:00:00
561,51,TikTok,52,Reels,1.08,1,2023-01-24 08:00:00
562,40,TikTok,282,Stories,5.15,1,2023-01-24 09:00:00
565,25,TikTok,56,Shorts,4.12,7,2023-01-24 12:00:00
569,50,TikTok,12,Shorts,6.91,4,2023-01-24 16:00:00
571,50,TikTok,29,Reels,7.25,6,2023-01-24 18:00:00
572,63,TikTok,260,Reels,7.5,5,2023-01-24 19:00:00
579,38,TikTok,79,Reels,7.31,3,2023-01-25 02:00:00
580,47,TikTok,108,Shorts,8.15,5,2023-01-25 03:00:00
587,50,TikTok,236,Live,5.92,3,2023-01-25 10:00:00
588,56,TikTok,43,Shorts,7.18,6,2023-01-25 11:00:00
590,32,TikTok,311,Stories,9.28,6,2023-01-25 13:00:00
593,63,TikTok,324,Shorts,0.8,6,2023-01-25 16:00:00
596,28,TikTok,150,Reels,0.97,2,2023-01-25 19:00:00
603,27,TikTok,47,Shorts,3.4,5,2023-01-26 02:00:00
611,31,TikTok,310,Stories,7.64,9,2023-01-26 10:00:00
616,36,TikTok,116,Stories,1.79,6,2023-01-26 15:00:00
618,38,TikTok,173,Stories,1.95,5,2023-01-26 17:00:00
625,46,TikTok,53,Posts,3.99,1,2023-01-27 00:00:00
627,50,TikTok,76,Stories,7.54,7,2023-01-27 02:00:00
630,58,TikTok,226,Reels,2.75,2,2023-01-27 05:00:00
631,26,TikTok,81,Reels,2.3,6,2023-01-27 06:00:00
647,17,TikTok,346,Shorts,0.73,8,2023-01-27 22:00:00
648,20,TikTok,289,Live,2.91,3,2023-01-27 23:00:00
651,53,TikTok,255,Live,3.31,2,2023-01-28 02:00:00
654,63,TikTok,280,Reels,1.41,3,2023-01-28 05:00:00
658,32,TikTok,76,Reels,6.91,1,2023-01-28 09:00:00
666,34,TikTok,150,Posts,4.38,5,2023-01-28 17:00:00
679,43,TikTok,206,Live,1.31,4,2023-01-29 06:00:00
682,54,TikTok,301,Posts,8.14,7,2023-01-29 09:00:00
689,48,TikTok,320,Posts,1.06,10,2023-01-29 16:00:00
696,62,TikTok,251,Shorts,2.59,5,2023-01-29 23:00:00
704,34,TikTok,143,Reels,7.13,10,2023-01-30 07:00:00
718,27,TikTok,159,Shorts,4.49,10,2023-01-30 21:00:00
723,53,TikTok,238,Shorts,8.15,1,2023-01-31 02:00:00
724,27,TikTok,5,Posts,9.82,7,2023-01-31 03:00:00
727,23,TikTok,62,Posts,9.89,3,2023-01-31 06:00:00
734,52,TikTok,332,Reels,2.4,8,2023-01-31 13:00:00
737,42,TikTok,27,Live,9.03,6,2023-01-31 16:00:00
743,43,TikTok,271,Posts,0.8,1,2023-01-31 22:00:00
753,40,TikTok,224,Shorts,1.25,8,2023-02-01 08:00:00
765,26,TikTok,301,Posts,7.45,10,2023-02-01 20:00:00
771,64,TikTok,86,Live,9.45,10,2023-02-02 02:00:00
775,56,TikTok,53,Shorts,1.59,5,2023-02-02 06:00:00
780,21,TikTok,112,Posts,7.25,3,2023-02-02 11:00:00
788,38,TikTok,53,Live,9.3,3,2023-02-02 19:00:00
794,32,TikTok,197,Reels,7.65,1,2023-02-03 01:00:00
797,24,TikTok,150,Shorts,6.92,9,2023-02-03 04:00:00
798,61,TikTok,320,Stories,6.59,9,2023-02-03 05:00:00
803,16,TikTok,112,Posts,1.84,4,2023-02-03 10:00:00
806,47,TikTok,18,Live,7.05,9,2023-02-03 13:00:00
808,43,TikTok,80,Stories,4.58,1,2023-02-03 15:00:00
811,54,TikTok,162,Shorts,7.45,5,2023-02-03 18:00:00
820,45,TikTok,102,Posts,2.19,9,2023-02-04 03:00:00
827,36,TikTok,291,Reels,9.75,7,2023-02-04 10:00:00
828,29,TikTok,70,Live,4.96,7,2023-02-04 11:00:00
833,49,TikTok,29,Posts,1.73,9,2023-02-04 16:00:00
834,53,TikTok,135,Stories,1.56,7,2023-02-04 17:00:00
835,49,TikTok,329,Live,4.86,6,2023-02-04 18:00:00
842,48,TikTok,235,Shorts,3.97,8,2023-02-05 01:00:00
848,20,TikTok,32,Shorts,2.09,10,2023-02-05 07:00:00
851,25,TikTok,128,Live,0.73,8,2023-02-05 10:00:00
859,21,TikTok,303,Reels,6.96,3,2023-02-05 18:00:00
863,58,TikTok,198,Reels,2.63,8,2023-02-05 22:00:00
871,31,TikTok,218,Posts,8.87,6,2023-02-06 06:00:00
875,19,TikTok,19,Shorts,2.28,3,2023-02-06 10:00:00
882,47,TikTok,251,Live,2.41,2,2023-02-06 17:00:00
890,36,TikTok,311,Stories,5.05,4,2023-02-07 01:00:00
894,56,TikTok,156,Shorts,9.94,5,2023-02-07 05:00:00
905,41,TikTok,128,Stories,5.37,9,2023-02-07 16:00:00
909,45,TikTok,307,Live,5.68,5,2023-02-07 20:00:00
913,41,TikTok,113,Reels,9.53,6,2023-02-08 00:00:00
916,23,TikTok,328,Live,1.04,3,2023-02-08 03:00:00
920,62,TikTok,49,Shorts,8.3,2,2023-02-08 07:00:00
931,29,TikTok,258,Reels,0.63,4,2023-02-08 18:00:00
935,38,TikTok,47,Live,5.55,5,2023-02-08 22:00:00
941,53,TikTok,127,Posts,5.39,4,2023-02-09 04:00:00
944,40,TikTok,157,Shorts,4.76,7,2023-02-09 07:00:00
955,32,TikTok,100,Live,2.93,10,2023-02-09 18:00:00
956,28,TikTok,266,Reels,2.61,7,2023-02-09 19:00:00
967,62,TikTok,91,Reels,4.38,6,2023-02-10 06:00:00
974,59,TikTok,314,Stories,7.17,6,2023-02-10 13:00:00
979,21,TikTok,77,Shorts,0.79,9,2023-02-10 18:00:00
988,21,TikTok,356,Live,7.03,4,2023-02-11 03:00:00
1001,52,TikTok,85,Live,7.3,7,2023-02-11 16:00:00
1003,39,TikTok,279,Stories,1.06,2,2023-02-11 18:00:00
1004,46,TikTok,287,Shorts,6.0,5,2023-02-11 19:00:00
1010,19,TikTok,73,Reels,2.58,2,2023-02-12 01:00:00
1031,64,TikTok,63,Reels,7.03,8,2023-02-12 22:00:00
1032,27,TikTok,117,Posts,5.91,3,2023-02-12 23:00:00
1033,62,TikTok,328,Shorts,4.06,7,2023-02-13 00:00:00
1040,51,TikTok,237,Shorts,3.42,7,2023-02-13 07:00:00
1045,21,TikTok,315,Live,1.29,4,2023-02-13 12:00:00
1049,25,TikTok,67,Shorts,0.62,9,2023-02-13 16:00:00
1053,55,TikTok,229,Reels,7.76,4,2023-02-13 20:00:00
1057,52,TikTok,240,Live,2.85,1,2023-02-14 00:00:00
1061,26,TikTok,32,Posts,1.4,9,2023-02-14 04:00:00
1062,30,TikTok,300,Reels,7.4,1,2023-02-14 05:00:00
1068,64,TikTok,89,Reels,1.45,2,2023-02-14 11:00:00
1070,59,TikTok,34,Stories,1.31,2,2023-02-14 13:00:00
1074,49,TikTok,95,Stories,7.77,9,2023-02-14 17:00:00
1076,50,TikTok,217,Stories,6.9,10,2023-02-14 19:00:00
1084,56,TikTok,116,Stories,0.77,8,2023-02-15 03:00:00
1086,29,TikTok,25,Posts,8.07,5,2023-02-15 05:00:00
1087,45,TikTok,149,Posts,7.64,9,2023-02-15 06:00:00
1088,50,TikTok,150,Posts,1.25,2,2023-02-15 07:00:00
1089,36,TikTok,320,Stories,9.53,6,2023-02-15 08:00:00
1092,34,TikTok,207,Reels,3.63,7,2023-02-15 11:00:00
1094,41,TikTok,117,Live,8.67,7,2023-02-15 13:00:00
1096,40,TikTok,318,Stories,9.67,10,2023-02-15 15:00:00
1097,60,TikTok,263,Shorts,3.02,5,2023-02-15 16:00:00
1101,55,TikTok,343,Posts,3.21,9,2023-02-15 20:00:00
1104,55,TikTok,91,Live,9.33,10,2023-02-15 23:00:00
1112,40,TikTok,182,Posts,4.95,3,2023-02-16 07:00:00
1121,21,TikTok,209,Stories,1.7,1,2023-02-16 16:00:00
1122,21,TikTok,282,Posts,1.58,7,2023-02-16 17:00:00
1132,54,TikTok,306,Reels,9.69,3,2023-02-17 03:00:00
1133,42,TikTok,47,Posts,4.54,3,2023-02-17 04:00:00
1139,42,TikTok,202,Reels,4.35,10,2023-02-17 10:00:00
1141,19,TikTok,35,Shorts,2.0,4,2023-02-17 12:00:00
1143,17,TikTok,75,Shorts,2.75,5,2023-02-17 14:00:00
1144,25,TikTok,12,Posts,5.25,8,2023-02-17 15:00:00
1145,20,TikTok,56,Live,8.1,3,2023-02-17 16:00:00
1149,28,TikTok,42,Reels,9.99,10,2023-02-17 20:00:00
1150,46,TikTok,359,Posts,4.64,8,2023-02-17 21:00:00
1151,62,TikTok,235,Stories,1.92,10,2023-02-17 22:00:00
1156,44,TikTok,205,Reels,6.15,3,2023-02-18 03:00:00
1169,41,TikTok,36,Shorts,8.52,4,2023-02-18 16:00:00
1171,42,TikTok,47,Reels,9.87,7,2023-02-18 18:00:00
1183,61,TikTok,111,Shorts,2.31,9,2023-02-19 06:00:00
1187,28,TikTok,220,Live,3.83,10,2023-02-19 10:00:00
1190,40,TikTok,324,Reels,3.02,5,2023-02-19 13:00:00
1193,55,TikTok,200,Posts,9.1,1,2023-02-19 16:00:00
1200,20,TikTok,275,Reels,3.92,2,2023-02-19 23:00:00
1203,57,TikTok,346,Shorts,5.48,5,2023-02-20 02:00:00
1205,43,TikTok,68,Posts,6.45,4,2023-02-20 04:00:00
1212,37,TikTok,20,Reels,7.3,5,2023-02-20 11:00:00
1214,38,TikTok,262,Shorts,8.56,3,2023-02-20 13:00:00
1222,38,TikTok,173,Posts,1.07,10,2023-02-20 21:00:00
1228,24,TikTok,5,Live,3.59,8,2023-02-21 03:00:00
1237,53,TikTok,151,Posts,4.18,5,2023-02-21 12:00:00
1240,33,TikTok,319,Stories,0.59,7,2023-02-21 15:00:00
1244,32,TikTok,78,Live,7.62,3,2023-02-21 19:00:00
1251,39,TikTok,192,Posts,9.51,7,2023-02-22 02:00:00
1254,44,TikTok,238,Shorts,7.09,3,2023-02-22 05:00:00
1255,58,TikTok,28,Posts,0.92,1,2023-02-22 06:00:00
1256,37,TikTok,30,Shorts,5.1,10,2023-02-22 07:00:00
1257,41,TikTok,222,Live,5.12,9,2023-02-22 08:00:00
1265,64,TikTok,209,Stories,3.57,8,2023-02-22 16:00:00
1267,37,TikTok,75,Posts,3.58,6,2023-02-22 18:00:00
1270,64,TikTok,252,Shorts,7.6,6,2023-02-22 21:00:00
1272,16,TikTok,13,Shorts,6.75,10,2023-02-22 23:00:00
1284,45,TikTok,96,Stories,2.46,10,2023-02-23 11:00:00
1288,33,TikTok,300,Shorts,4.62,3,2023-02-23 15:00:00
1294,64,TikTok,346,Shorts,8.51,8,2023-02-23 21:00:00
1298,16,TikTok,117,Stories,6.25,2,2023-02-24 01:00:00
1304,25,TikTok,262,Live,8.95,10,2023-02-24 07:00:00
1309,48,TikTok,107,Stories,1.64,2,2023-02-24 12:00:00
1314,44,TikTok,228,Live,4.08,9,2023-02-24 17:00:00
1315,23,TikTok,224,Shorts,9.08,3,2023-02-24 18:00:00
1317,18,TikTok,221,Posts,9.69,10,2023-02-24 20:00:00
1318,39,TikTok,8,Reels,7.79,1,2023-02-24 21:00:00
1319,38,TikTok,40,Reels,9.91,6,2023-02-24 22:00:00
1320,23,TikTok,182,Reels,1.01,5,2023-02-24 23:00:00
1321,62,TikTok,261,Posts,3.1,10,2023-02-25 00:00:00
1325,43,TikTok,52,Stories,0.5,7,2023-02-25 04:00:00
1329,50,TikTok,166,Stories,3.73,10,2023-02-25 08:00:00
1331,39,TikTok,351,Stories,5.77,8,2023-02-25 10:00:00
1340,29,TikTok,232,Shorts,3.02,1,2023-02-25 19:00:00
1342,63,TikTok,292,Live,1.18,9,2023-02-25 21:00:00
1343,33,TikTok,86,Posts,8.44,4,2023-02-25 22:00:00
1344,22,TikTok,338,Shorts,1.37,10,2023-02-25 23:00:00
1345,25,TikTok,254,Reels,1.03,9,2023-02-26 00:00:00
1348,38,TikTok,193,Reels,9.84,3,2023-02-26 03:00:00
1353,51,TikTok,220,Posts,7.72,9,2023-02-26 08:00:00
1363,17,TikTok,303,Shorts,0.53,8,2023-02-26 18:00:00
1366,27,TikTok,143,Live,4.73,3,2023-02-26 21:00:00
1367,35,TikTok,56,Stories,7.39,8,2023-02-26 22:00:00
1372,24,TikTok,344,Live,7.88,10,2023-02-27 03:00:00
1373,49,TikTok,357,Shorts,4.96,4,2023-02-27 04:00:00
1381,45,TikTok,304,Shorts,6.98,7,2023-02-27 12:00:00
1384,47,TikTok,253,Stories,1.06,4,2023-02-27 15:00:00
1385,32,TikTok,260,Shorts,9.55,7,2023-02-27 16:00:00
1391,60,TikTok,286,Live,1.7,1,2023-02-27 22:00:00
1394,24,TikTok,57,Posts,7.51,6,2023-02-28 01:00:00
1400,44,TikTok,181,Live,7.22,3,2023-02-28 07:00:00
1406,21,TikTok,158,Shorts,9.55,1,2023-02-28 13:00:00
1408,36,TikTok,63,Shorts,1.27,4,2023-02-28 15:00:00
1410,51,TikTok,253,Live,4.79,2,2023-02-28 17:00:00
1411,56,TikTok,244,Shorts,8.73,1,2023-02-28 18:00:00
1412,53,TikTok,297,Posts,1.35,3,2023-02-28 19:00:00
1413,49,TikTok,291,Live,8.32,10,2023-02-28 20:00:00
1453,50,TikTok,107,Live,1.84,10,2023-03-02 12:00:00
1454,49,TikTok,320,Reels,9.7,1,2023-03-02 13:00:00
1457,37,TikTok,117,Stories,2.16,9,2023-03-02 16:00:00
1463,34,TikTok,171,Live,5.43,7,2023-03-02 22:00:00
1466,32,TikTok,35,Reels,7.37,6,2023-03-03 01:00:00
1467,60,TikTok,16,Posts,3.66,2,2023-03-03 02:00:00
1469,49,TikTok,112,Reels,2.96,8,2023-03-03 04:00:00
1478,40,TikTok,282,Reels,0.59,4,2023-03-03 13:00:00
1495,59,TikTok,29,Stories,4.33,4,2023-03-04 06:00:00
1500,62,TikTok,42,Live,6.19,5,2023-03-04 11:00:00
1509,38,TikTok,243,Live,2.04,9,2023-03-04 20:00:00
1514,40,TikTok,332,Posts,6.16,6,2023-03-05 01:00:00
1525,25,TikTok,139,Shorts,8.78,2,2023-03-05 12:00:00
1527,22,TikTok,246,Shorts,6.09,1,2023-03-05 14:00:00
1529,38,TikTok,274,Reels,6.86,1,2023-03-05 16:00:00
1548,57,TikTok,21,Shorts,5.66,3,2023-03-06 11:00:00
1550,32,TikTok,21,Live,1.5,4,2023-03-06 13:00:00
1551,29,TikTok,206,Posts,4.64,1,2023-03-06 14:00:00
1563,38,TikTok,73,Posts,5.78,8,2023-03-07 02:00:00
1575,31,TikTok,23,Posts,4.84,7,2023-03-07 14:00:00
1583,45,TikTok,102,Posts,2.77,7,2023-03-07 22:00:00
1593,64,TikTok,75,Stories,3.76,9,2023-03-08 08:00:00
1608,18,TikTok,335,Posts,2.82,8,2023-03-08 23:00:00
1610,29,TikTok,17,Reels,9.2,3,2023-03-09 01:00:00
1612,19,TikTok,192,Stories,6.86,1,2023-03-09 03:00:00
1613,33,TikTok,285,Live,3.17,9,2023-03-09 04:00:00
1615,40,TikTok,240,Stories,3.83,9,2023-03-09 06:00:00
1619,30,TikTok,256,Stories,6.77,9,2023-03-09 10:00:00
1620,24,TikTok,54,Reels,2.61,1,2023-03-09 11:00:00
1622,64,TikTok,275,Shorts,1.68,7,2023-03-09 13:00:00
1628,58,TikTok,35,Shorts,7.09,3,2023-03-09 19:00:00
1634,28,TikTok,27,Live,5.75,6,2023-03-10 01:00:00
1639,23,TikTok,104,Shorts,8.71,4,2023-03-10 06:00:00
1645,58,TikTok,36,Live,6.49,9,2023-03-10 12:00:00
1655,38,TikTok,302,Stories,9.2,2,2023-03-10 22:00:00
1658,50,TikTok,91,Live,9.87,10,2023-03-11 01:00:00
1663,33,TikTok,15,Shorts,6.8,6,2023-03-11 06:00:00
1665,39,TikTok,126,Stories,4.78,4,2023-03-11 08:00:00
1667,47,TikTok,335,Reels,6.64,3,2023-03-11 10:00:00
1668,50,TikTok,35,Shorts,4.99,6,2023-03-11 11:00:00
1673,24,TikTok,96,Posts,9.51,9,2023-03-11 16:00:00
1681,43,TikTok,22,Posts,9.74,6,2023-03-12 00:00:00
1688,57,TikTok,292,Shorts,0.87,5,2023-03-12 07:00:00
1689,24,TikTok,190,Stories,5.89,4,2023-03-12 08:00:00
1693,20,TikTok,32,Reels,1.07,5,2023-03-12 12:00:00
1695,49,TikTok,251,Reels,6.74,9,2023-03-12 14:00:00
1696,39,TikTok,341,Stories,5.3,4,2023-03-12 15:00:00
1697,30,TikTok,26,Reels,0.79,5,2023-03-12 16:00:00
1698,53,TikTok,100,Posts,9.71,9,2023-03-12 17:00:00
1705,52,TikTok,281,Posts,6.98,4,2023-03-13 00:00:00
1711,32,TikTok,300,Posts,4.66,5,2023-03-13 06:00:00
1722,60,TikTok,12,Shorts,2.74,5,2023-03-13 17:00:00
1729,43,TikTok,332,Live,3.39,7,2023-03-14 00:00:00
1730,48,TikTok,275,Reels,6.85,7,2023-03-14 01:00:00
1731,63,TikTok,169,Shorts,9.56,5,2023-03-14 02:00:00
1740,53,TikTok,195,Shorts,4.54,8,2023-03-14 11:00:00
1749,47,TikTok,150,Reels,7.56,7,2023-03-14 20:00:00
1751,45,TikTok,111,Posts,5.25,10,2023-03-14 22:00:00
1754,33,TikTok,353,Shorts,7.99,9,2023-03-15 01:00:00
1757,29,TikTok,339,Live,8.47,8,2023-03-15 04:00:00
1767,64,TikTok,155,Shorts,9.44,3,2023-03-15 14:00:00
1770,55,TikTok,136,Reels,6.2,1,2023-03-15 17:00:00
1774,60,TikTok,57,Reels,9.45,5,2023-03-15 21:00:00
1778,34,TikTok,83,Posts,9.83,3,2023-03-16 01:00:00
1786,30,TikTok,69,Reels,5.5,10,2023-03-16 09:00:00
1788,52,TikTok,215,Posts,8.44,8,2023-03-16 11:00:00
1789,44,TikTok,113,Shorts,2.25,9,2023-03-16 12:00:00
1796,42,TikTok,290,Live,2.59,9,2023-03-16 19:00:00
1797,32,TikTok,176,Reels,3.39,5,2023-03-16 20:00:00
1814,44,TikTok,268,Stories,9.0,8,2023-03-17 13:00:00
1818,62,TikTok,356,Shorts,7.65,3,2023-03-17 17:00:00
1821,26,TikTok,214,Stories,7.03,4,2023-03-17 20:00:00
1826,49,TikTok,284,Live,8.4,6,2023-03-18 01:00:00
1833,54,TikTok,282,Stories,5.88,3,2023-03-18 08:00:00
1835,44,TikTok,19,Stories,1.15,8,2023-03-18 10:00:00
1837,26,TikTok,157,Live,8.07,7,2023-03-18 12:00:00
1841,29,TikTok,117,Shorts,1.02,5,2023-03-18 16:00:00
1848,59,TikTok,19,Shorts,5.57,9,2023-03-18 23:00:00
1850,44,TikTok,343,Stories,3.65,1,2023-03-19 01:00:00
1854,52,TikTok,337,Shorts,0.88,7,2023-03-19 05:00:00
1864,50,TikTok,108,Live,7.28,7,2023-03-19 15:00:00
1866,40,TikTok,208,Live,9.52,4,2023-03-19 17:00:00
1868,27,TikTok,146,Posts,9.77,8,2023-03-19 19:00:00
1870,30,TikTok,147,Posts,4.14,3,2023-03-19 21:00:00
1871,59,TikTok,275,Reels,8.45,5,2023-03-19 22:00:00
1872,31,TikTok,311,Posts,7.5,4,2023-03-19 23:00:00
1873,42,TikTok,114,Shorts,8.03,8,2023-03-20 00:00:00
1882,61,TikTok,123,Reels,3.6,3,2023-03-20 09:00:00
1899,51,TikTok,113,Stories,4.0,10,2023-03-21 02:00:00
1900,24,TikTok,153,Posts,2.5,6,2023-03-21 03:00:00
1907,26,TikTok,77,Stories,8.43,3,2023-03-21 10:00:00
1908,28,TikTok,80,Reels,4.48,8,2023-03-21 11:00:00
1919,47,TikTok,10,Posts,4.5,1,2023-03-21 22:00:00
1923,48,TikTok,222,Stories,2.73,6,2023-03-22 02:00:00
1926,23,TikTok,356,Posts,2.11,8,2023-03-22 05:00:00
1928,37,TikTok,91,Shorts,7.39,2,2023-03-22 07:00:00
1933,61,TikTok,34,Stories,7.08,2,2023-03-22 12:00:00
1943,47,TikTok,109,Stories,0.63,5,2023-03-22 22:00:00
1945,17,TikTok,276,Stories,7.42,7,2023-03-23 00:00:00
1955,54,TikTok,305,Stories,1.72,6,2023-03-23 10:00:00
1977,27,TikTok,336,Posts,9.54,9,2023-03-24 08:00:00
1981,35,TikTok,248,Reels,3.21,6,2023-03-24 12:00:00
1984,26,TikTok,122,Reels,9.2,5,2023-03-24 15:00:00
1985,35,TikTok,148,Live,8.43,5,2023-03-24 16:00:00
1992,56,TikTok,156,Stories,2.1,8,2023-03-24 23:00:00
2001,40,TikTok,308,Posts,7.99,8,2023-03-25 08:00:00
2002,60,TikTok,136,Stories,8.23,3,2023-03-25 09:00:00
2005,51,TikTok,232,Live,1.87,5,2023-03-25 12:00:00
2016,52,TikTok,5,Shorts,0.55,6,2023-03-25 23:00:00
2018,56,TikTok,342,Shorts,0.99,5,2023-03-26 01:00:00
2019,18,TikTok,73,Shorts,9.53,3,2023-03-26 02:00:00
2020,43,TikTok,35,Live,7.18,9,2023-03-26 03:00:00
2032,39,TikTok,277,Live,4.31,8,2023-03-26 15:00:00
2036,43,TikTok,227,Posts,2.81,3,2023-03-26 19:00:00
2045,51,TikTok,204,Stories,0.67,3,2023-03-27 04:00:00
2048,49,TikTok,177,Stories,1.25,2,2023-03-27 07:00:00
2057,55,TikTok,235,Reels,7.84,5,2023-03-27 16:00:00
2064,51,TikTok,218,Stories,9.96,4,2023-03-27 23:00:00
2067,38,TikTok,266,Stories,1.81,5,2023-03-28 02:00:00
2077,56,TikTok,47,Shorts,4.18,10,2023-03-28 12:00:00
2078,62,TikTok,121,Shorts,2.29,9,2023-03-28 13:00:00
2079,29,TikTok,194,Shorts,2.62,3,2023-03-28 14:00:00
2083,17,TikTok,207,Stories,3.89,10,2023-03-28 18:00:00
2097,60,TikTok,12,Reels,5.28,2,2023-03-29 08:00:00
2098,38,TikTok,279,Reels,8.6,6,2023-03-29 09:00:00
2101,26,TikTok,40,Posts,3.18,3,2023-03-29 12:00:00
2112,16,TikTok,126,Shorts,7.94,9,2023-03-29 23:00:00
2114,35,TikTok,176,Stories,6.59,4,2023-03-30 01:00:00
2143,16,TikTok,236,Reels,1.63,4,2023-03-31 06:00:00
2144,50,TikTok,303,Stories,3.45,7,2023-03-31 07:00:00
2149,64,TikTok,259,Stories,6.49,6,2023-03-31 12:00:00
2151,27,TikTok,139,Shorts,2.29,10,2023-03-31 14:00:00
2158,44,TikTok,247,Shorts,1.01,9,2023-03-31 21:00:00
2167,38,TikTok,91,Live,6.63,6,2023-04-01 06:00:00
2176,47,TikTok,39,Live,0.5,9,2023-04-01 15:00:00
2181,62,TikTok,85,Stories,2.7,9,2023-04-01 20:00:00
2182,49,TikTok,108,Stories,4.58,3,2023-04-01 21:00:00
2183,16,TikTok,326,Reels,7.29,8,2023-04-01 22:00:00
2186,25,TikTok,321,Reels,8.62,5,2023-04-02 01:00:00
2192,62,TikTok,63,Live,9.54,5,2023-04-02 07:00:00
2193,55,TikTok,263,Live,4.26,10,2023-04-02 08:00:00
2195,27,TikTok,82,Shorts,8.96,5,2023-04-02 10:00:00
2198,40,TikTok,170,Live,2.98,10,2023-04-02 13:00:00
2203,34,TikTok,149,Shorts,8.69,10,2023-04-02 18:00:00
2205,31,TikTok,182,Stories,7.34,7,2023-04-02 20:00:00
2207,63,TikTok,140,Shorts,6.99,3,2023-04-02 22:00:00
2210,41,TikTok,355,Reels,2.73,4,2023-04-03 01:00:00
2212,17,TikTok,276,Posts,0.98,9,2023-04-03 03:00:00
2215,48,TikTok,20,Live,1.34,2,2023-04-03 06:00:00
2223,56,TikTok,272,Reels,7.52,10,2023-04-03 14:00:00
2229,19,TikTok,197,Shorts,8.43,5,2023-04-03 20:00:00
2232,21,TikTok,196,Reels,2.46,8,2023-04-03 23:00:00
2234,33,TikTok,183,Reels,7.91,1,2023-04-04 01:00:00
2243,22,TikTok,86,Live,1.48,5,2023-04-04 10:00:00
2244,40,TikTok,136,Live,3.06,5,2023-04-04 11:00:00
2254,40,TikTok,140,Posts,4.84,9,2023-04-04 21:00:00
2263,26,TikTok,146,Shorts,7.43,9,2023-04-05 06:00:00
2268,25,TikTok,120,Reels,3.92,7,2023-04-05 11:00:00
2287,52,TikTok,313,Posts,6.32,10,2023-04-06 06:00:00
2296,61,TikTok,152,Live,7.9,6,2023-04-06 15:00:00
2298,58,TikTok,44,Reels,8.91,8,2023-04-06 17:00:00
2303,31,TikTok,173,Reels,3.47,5,2023-04-06 22:00:00
2305,30,TikTok,147,Live,6.71,9,2023-04-07 00:00:00
2308,26,TikTok,265,Posts,3.65,3,2023-04-07 03:00:00
2309,30,TikTok,235,Reels,0.53,6,2023-04-07 04:00:00
2312,28,TikTok,301,Live,2.61,6,2023-04-07 07:00:00
2335,41,TikTok,289,Posts,3.41,4,2023-04-08 06:00:00
2339,22,TikTok,193,Live,2.23,4,2023-04-08 10:00:00
2340,46,TikTok,255,Live,6.21,2,2023-04-08 11:00:00
2346,22,TikTok,88,Live,4.85,3,2023-04-08 17:00:00
2350,51,TikTok,117,Reels,4.84,4,2023-04-08 21:00:00
2354,16,TikTok,339,Live,7.02,3,2023-04-09 01:00:00
2358,62,TikTok,223,Live,3.62,1,2023-04-09 05:00:00
2366,24,TikTok,156,Posts,2.75,4,2023-04-09 13:00:00
2367,30,TikTok,203,Stories,5.96,7,2023-04-09 14:00:00
2389,48,TikTok,196,Reels,5.19,5,2023-04-10 12:00:00
2390,20,TikTok,93,Shorts,3.45,5,2023-04-10 13:00:00
2396,48,TikTok,21,Posts,3.31,10,2023-04-10 19:00:00
2398,32,TikTok,337,Reels,4.64,1,2023-04-10 21:00:00
2399,37,TikTok,315,Shorts,0.54,1,2023-04-10 22:00:00
2411,28,TikTok,302,Stories,7.01,10,2023-04-11 10:00:00
2418,18,TikTok,296,Reels,2.28,4,2023-04-11 17:00:00
2430,53,TikTok,177,Shorts,3.3,4,2023-04-12 05:00:00
2448,19,TikTok,282,Reels,6.93,6,2023-04-12 23:00:00
2451,17,TikTok,147,Reels,2.88,4,2023-04-13 02:00:00
2452,20,TikTok,40,Stories,3.93,5,2023-04-13 03:00:00
2457,23,TikTok,178,Reels,6.96,4,2023-04-13 08:00:00
2462,18,TikTok,283,Reels,5.55,10,2023-04-13 13:00:00
2471,50,TikTok,327,Live,4.29,10,2023-04-13 22:00:00
2472,49,TikTok,75,Stories,6.44,9,2023-04-13 23:00:00
2475,23,TikTok,117,Stories,5.0,6,2023-04-14 02:00:00
2481,44,TikTok,310,Posts,9.51,4,2023-04-14 08:00:00
2483,62,TikTok,214,Reels,7.72,5,2023-04-14 10:00:00
2485,57,TikTok,188,Live,1.02,2,2023-04-14 12:00:00
2490,31,TikTok,270,Shorts,6.0,8,2023-04-14 17:00:00
2491,27,TikTok,24,Reels,6.22,10,2023-04-14 18:00:00
2501,20,TikTok,28,Reels,1.3,7,2023-04-15 04:00:00
2505,16,TikTok,285,Live,8.55,4,2023-04-15 08:00:00
2506,45,TikTok,296,Reels,6.4,2,2023-04-15 09:00:00
2514,47,TikTok,200,Stories,1.48,10,2023-04-15 17:00:00
2522,48,TikTok,248,Posts,9.06,7,2023-04-16 01:00:00
2524,60,TikTok,116,Posts,6.78,10,2023-04-16 03:00:00
2530,24,TikTok,121,Reels,1.68,7,2023-04-16 09:00:00
2531,16,TikTok,344,Live,5.28,3,2023-04-16 10:00:00
2547,62,TikTok,263,Shorts,1.32,10,2023-04-17 02:00:00
2559,21,TikTok,135,Stories,6.11,2,2023-04-17 14:00:00
2566,36,TikTok,94,Shorts,1.64,3,2023-04-17 21:00:00
2570,17,TikTok,167,Shorts,7.0,6,2023-04-18 01:00:00
2575,33,TikTok,296,Stories,9.92,1,2023-04-18 06:00:00
2581,51,TikTok,332,Reels,2.7,10,2023-04-18 12:00:00
2586,31,TikTok,8,Stories,1.79,9,2023-04-18 17:00:00
2588,18,TikTok,302,Reels,8.09,8,2023-04-18 19:00:00
2589,50,TikTok,245,Stories,6.16,10,2023-04-18 20:00:00
2601,19,TikTok,159,Posts,1.76,10,2023-04-19 08:00:00
2610,35,TikTok,359,Live,9.06,9,2023-04-19 17:00:00
2614,47,TikTok,90,Reels,5.57,8,2023-04-19 21:00:00
2617,17,TikTok,122,Live,7.7,5,2023-04-20 00:00:00
2621,20,TikTok,195,Reels,4.53,9,2023-04-20 04:00:00
2627,26,TikTok,292,Stories,1.05,10,2023-04-20 10:00:00
2628,46,TikTok,357,Shorts,0.56,6,2023-04-20 11:00:00
2633,24,TikTok,251,Stories,9.97,2,2023-04-20 16:00:00
2634,50,TikTok,252,Stories,7.58,10,2023-04-20 17:00:00
2640,31,TikTok,49,Reels,6.56,1,2023-04-20 23:00:00
2641,31,TikTok,341,Shorts,6.5,8,2023-04-21 00:00:00
2642,48,TikTok,36,Reels,7.69,10,2023-04-21 01:00:00
2645,54,TikTok,188,Shorts,4.23,6,2023-04-21 04:00:00
2650,44,TikTok,78,Posts,3.19,8,2023-04-21 09:00:00
2652,53,TikTok,107,Live,0.75,9,2023-04-21 11:00:00
2657,42,TikTok,334,Live,3.73,9,2023-04-21 16:00:00
2659,37,TikTok,242,Live,5.24,3,2023-04-21 18:00:00
2666,42,TikTok,85,Shorts,5.87,10,2023-04-22 01:00:00
2682,52,TikTok,311,Reels,3.4,4,2023-04-22 17:00:00
2701,53,TikTok,13,Stories,5.93,7,2023-04-23 12:00:00
2714,44,TikTok,297,Reels,6.2,6,2023-04-24 01:00:00
2728,38,TikTok,167,Posts,0.9,5,2023-04-24 15:00:00
2737,52,TikTok,316,Shorts,6.23,8,2023-04-25 00:00:00
2740,23,TikTok,294,Stories,7.79,10,2023-04-25 03:00:00
2743,16,TikTok,160,Posts,9.88,10,2023-04-25 06:00:00
2745,39,TikTok,166,Posts,1.62,3,2023-04-25 08:00:00
2748,32,TikTok,189,Posts,1.61,2,2023-04-25 11:00:00
2758,34,TikTok,327,Posts,4.23,7,2023-04-25 21:00:00
2760,43,TikTok,184,Shorts,5.52,10,2023-04-25 23:00:00
2767,25,TikTok,133,Stories,5.13,7,2023-04-26 06:00:00
2775,23,TikTok,279,Posts,8.57,5,2023-04-26 14:00:00
2783,51,TikTok,309,Posts,6.58,6,2023-04-26 22:00:00
2793,42,TikTok,308,Posts,9.16,3,2023-04-27 08:00:00
2794,55,TikTok,309,Shorts,8.91,7,2023-04-27 09:00:00
2796,28,TikTok,305,Shorts,6.61,1,2023-04-27 11:00:00
2797,47,TikTok,292,Shorts,4.24,9,2023-04-27 12:00:00
2802,49,TikTok,340,Live,2.48,10,2023-04-27 17:00:00
2805,30,TikTok,131,Reels,4.58,6,2023-04-27 20:00:00
2806,32,TikTok,179,Live,9.79,3,2023-04-27 21:00:00
2810,40,TikTok,250,Posts,0.84,3,2023-04-28 01:00:00
2815,45,TikTok,157,Posts,4.45,1,2023-04-28 06:00:00
2817,36,TikTok,149,Shorts,3.99,9,2023-04-28 08:00:00
2825,45,TikTok,38,Live,0.75,9,2023-04-28 16:00:00
2826,54,TikTok,308,Stories,5.07,8,2023-04-28 17:00:00
2829,56,TikTok,258,Shorts,8.64,9,2023-04-28 20:00:00
2830,62,TikTok,9,Live,7.81,1,2023-04-28 21:00:00
2833,28,TikTok,27,Live,9.08,2,2023-04-29 00:00:00
2838,61,TikTok,96,Posts,5.6,7,2023-04-29 05:00:00
2845,37,TikTok,324,Posts,3.44,9,2023-04-29 12:00:00
2847,40,TikTok,333,Reels,4.43,6,2023-04-29 14:00:00
2853,17,TikTok,319,Live,1.66,8,2023-04-29 20:00:00
2854,44,TikTok,199,Reels,0.52,7,2023-04-29 21:00:00
2859,30,TikTok,262,Live,6.7,10,2023-04-30 02:00:00
2860,38,TikTok,200,Stories,2.26,5,2023-04-30 03:00:00
2861,39,TikTok,149,Reels,8.33,10,2023-04-30 04:00:00
2890,50,TikTok,312,Reels,8.69,6,2023-05-01 09:00:00
2895,40,TikTok,187,Posts,6.14,8,2023-05-01 14:00:00
2896,25,TikTok,89,Reels,9.24,1,2023-05-01 15:00:00
2898,61,TikTok,169,Shorts,8.85,1,2023-05-01 17:00:00
2900,42,TikTok,94,Posts,3.63,2,2023-05-01 19:00:00
2901,42,TikTok,242,Posts,5.56,8,2023-05-01 20:00:00
2904,63,TikTok,219,Posts,7.78,6,2023-05-01 23:00:00
2905,28,TikTok,62,Posts,6.78,1,2023-05-02 00:00:00
2907,51,TikTok,110,Posts,4.66,7,2023-05-02 02:00:00
2908,37,TikTok,334,Reels,1.85,6,2023-05-02 03:00:00
2915,49,TikTok,325,Posts,4.34,1,2023-05-02 10:00:00
2921,34,TikTok,149,Posts,1.44,10,2023-05-02 16:00:00
2926,35,TikTok,180,Posts,3.99,2,2023-05-02 21:00:00
2931,52,TikTok,359,Posts,3.38,7,2023-05-03 02:00:00
2937,25,TikTok,305,Stories,9.03,9,2023-05-03 08:00:00
2938,53,TikTok,184,Stories,6.4,2,2023-05-03 09:00:00
2944,22,TikTok,74,Shorts,3.64,4,2023-05-03 15:00:00
2947,29,TikTok,193,Posts,1.79,10,2023-05-03 18:00:00
2949,39,TikTok,221,Reels,8.95,7,2023-05-03 20:00:00
2950,52,TikTok,36,Posts,7.65,7,2023-05-03 21:00:00
2952,19,TikTok,165,Stories,4.0,4,2023-05-03 23:00:00
2953,39,TikTok,36,Reels,6.36,1,2023-05-04 00:00:00
2955,45,TikTok,156,Stories,5.28,5,2023-05-04 02:00:00
2959,34,TikTok,283,Posts,5.45,6,2023-05-04 06:00:00
2964,39,TikTok,152,Live,8.92,9,2023-05-04 11:00:00
2973,60,TikTok,341,Reels,2.45,4,2023-05-04 20:00:00
2978,33,TikTok,264,Reels,1.21,1,2023-05-05 01:00:00
2981,62,TikTok,50,Reels,1.88,7,2023-05-05 04:00:00
2992,30,TikTok,157,Reels,4.31,3,2023-05-05 15:00:00
2993,21,TikTok,315,Shorts,2.31,8,2023-05-05 16:00:00
2995,29,TikTok,277,Stories,9.43,10,2023-05-05 18:00:00
2998,24,TikTok,145,Live,8.57,2,2023-05-05 21:00:00
3001,20,TikTok,267,Shorts,3.67,1,2023-05-06 00:00:00
3007,45,TikTok,129,Shorts,3.72,3,2023-05-06 06:00:00
3014,50,TikTok,218,Posts,9.51,3,2023-05-06 13:00:00
3015,61,TikTok,162,Stories,3.92,7,2023-05-06 14:00:00
3021,64,TikTok,308,Shorts,8.55,10,2023-05-06 20:00:00
3033,39,TikTok,258,Live,5.12,1,2023-05-07 08:00:00
3034,51,TikTok,91,Stories,7.72,3,2023-05-07 09:00:00
3049,45,TikTok,130,Stories,1.8,5,2023-05-08 00:00:00
3055,29,TikTok,286,Posts,9.89,4,2023-05-08 06:00:00
3057,31,TikTok,292,Posts,7.8,2,2023-05-08 08:00:00
3060,57,TikTok,130,Stories,6.52,1,2023-05-08 11:00:00
3062,28,TikTok,107,Stories,4.93,10,2023-05-08 13:00:00
3063,21,TikTok,191,Posts,8.72,10,2023-05-08 14:00:00
3071,58,TikTok,114,Shorts,3.43,8,2023-05-08 22:00:00
3074,48,TikTok,7,Live,3.57,5,2023-05-09 01:00:00
3076,22,TikTok,250,Posts,7.86,10,2023-05-09 03:00:00
3080,47,TikTok,291,Live,2.77,8,2023-05-09 07:00:00
3081,26,TikTok,70,Posts,8.9,9,2023-05-09 08:00:00
3089,41,TikTok,196,Posts,7.92,4,2023-05-09 16:00:00
3091,29,TikTok,92,Posts,3.55,2,2023-05-09 18:00:00
3094,33,TikTok,244,Reels,3.31,3,2023-05-09 21:00:00
3096,18,TikTok,181,Shorts,8.87,7,2023-05-09 23:00:00
3098,41,TikTok,334,Reels,6.76,10,2023-05-10 01:00:00
3102,34,TikTok,29,Stories,7.05,8,2023-05-10 05:00:00
3105,27,TikTok,149,Shorts,9.32,5,2023-05-10 08:00:00
3118,56,TikTok,345,Stories,2.72,7,2023-05-10 21:00:00
3121,64,TikTok,11,Shorts,7.91,4,2023-05-11 00:00:00
3122,32,TikTok,192,Live,8.87,7,2023-05-11 01:00:00
3123,49,TikTok,8,Shorts,9.31,9,2023-05-11 02:00:00
3136,25,TikTok,26,Reels,0.89,10,2023-05-11 15:00:00
3137,49,TikTok,160,Posts,9.75,9,2023-05-11 16:00:00
3141,37,TikTok,350,Posts,8.86,2,2023-05-11 20:00:00
3146,53,TikTok,73,Live,3.42,4,2023-05-12 01:00:00
3150,47,TikTok,5,Live,2.04,9,2023-05-12 05:00:00
3156,61,TikTok,141,Live,5.52,7,2023-05-12 11:00:00
3159,55,TikTok,260,Stories,6.83,5,2023-05-12 14:00:00
3163,43,TikTok,298,Shorts,1.71,5,2023-05-12 18:00:00
3169,41,TikTok,207,Shorts,4.18,7,2023-05-13 00:00:00
3173,18,TikTok,70,Shorts,8.95,10,2023-05-13 04:00:00
3179,21,TikTok,165,Stories,8.25,4,2023-05-13 10:00:00
3180,54,TikTok,258,Live,0.85,7,2023-05-13 11:00:00
3184,34,TikTok,31,Stories,4.36,9,2023-05-13 15:00:00
3186,26,TikTok,71,Live,9.56,6,2023-05-13 17:00:00
3194,52,TikTok,43,Live,3.99,7,2023-05-14 01:00:00
3197,24,TikTok,47,Live,3.3,9,2023-05-14 04:00:00
3198,62,TikTok,341,Reels,9.1,4,2023-05-14 05:00:00
3201,61,TikTok,78,Reels,6.09,10,2023-05-14 08:00:00
3211,18,TikTok,357,Reels,4.72,10,2023-05-14 18:00:00
3213,18,TikTok,170,Reels,9.81,5,2023-05-14 20:00:00
3214,42,TikTok,282,Shorts,1.82,9,2023-05-14 21:00:00
3216,55,TikTok,77,Live,4.32,1,2023-05-14 23:00:00
3217,53,TikTok,119,Stories,5.36,9,2023-05-15 00:00:00
3219,43,TikTok,175,Reels,2.0,10,2023-05-15 02:00:00
3224,63,TikTok,305,Live,2.33,9,2023-05-15 07:00:00
3240,36,TikTok,213,Posts,2.9,5,2023-05-15 23:00:00
3241,45,TikTok,277,Shorts,4.22,1,2023-05-16 00:00:00
3246,53,TikTok,165,Stories,8.5,5,2023-05-16 05:00:00
3249,20,TikTok,57,Shorts,5.95,10,2023-05-16 08:00:00
3254,40,TikTok,311,Live,1.39,5,2023-05-16 13:00:00
3258,20,TikTok,201,Stories,9.37,2,2023-05-16 17:00:00
3264,21,TikTok,356,Shorts,1.46,4,2023-05-16 23:00:00
3280,45,TikTok,58,Live,0.88,3,2023-05-17 15:00:00
3290,56,TikTok,124,Posts,2.14,8,2023-05-18 01:00:00
3292,33,TikTok,223,Posts,7.66,10,2023-05-18 03:00:00
3293,26,TikTok,306,Reels,9.74,10,2023-05-18 04:00:00
3294,38,TikTok,127,Live,2.31,4,2023-05-18 05:00:00
3299,59,TikTok,194,Stories,9.76,3,2023-05-18 10:00:00
3324,62,TikTok,71,Shorts,7.47,7,2023-05-19 11:00:00
3327,36,TikTok,86,Live,6.46,3,2023-05-19 14:00:00
3332,27,TikTok,349,Shorts,3.23,8,2023-05-19 19:00:00
3342,42,TikTok,236,Live,0.82,9,2023-05-20 05:00:00
3351,50,TikTok,211,Shorts,5.4,7,2023-05-20 14:00:00
3353,45,TikTok,51,Shorts,6.35,4,2023-05-20 16:00:00
3376,29,TikTok,81,Shorts,6.72,4,2023-05-21 15:00:00
3381,53,TikTok,89,Stories,0.6,9,2023-05-21 20:00:00
3387,48,TikTok,71,Stories,2.22,8,2023-05-22 02:00:00
3400,17,TikTok,181,Live,8.35,9,2023-05-22 15:00:00
3406,44,TikTok,332,Shorts,4.34,7,2023-05-22 21:00:00
3408,63,TikTok,132,Live,2.23,2,2023-05-22 23:00:00
3422,48,TikTok,141,Posts,1.48,6,2023-05-23 13:00:00
3433,60,TikTok,77,Stories,5.69,9,2023-05-24 00:00:00
3442,56,TikTok,83,Live,8.0,7,2023-05-24 09:00:00
3454,43,TikTok,119,Reels,0.65,1,2023-05-24 21:00:00
3456,19,TikTok,349,Shorts,2.87,1,2023-05-24 23:00:00
3462,59,TikTok,306,Live,8.53,7,2023-05-25 05:00:00
3471,53,TikTok,340,Shorts,3.59,10,2023-05-25 14:00:00
3472,21,TikTok,285,Reels,5.57,8,2023-05-25 15:00:00
3486,60,TikTok,228,Shorts,6.99,9,2023-05-26 05:00:00
3492,63,TikTok,221,Live,9.32,7,2023-05-26 11:00:00
3508,64,TikTok,248,Shorts,9.18,7,2023-05-27 03:00:00
3510,58,TikTok,252,Live,3.97,9,2023-05-27 05:00:00
3524,26,TikTok,206,Stories,0.64,7,2023-05-27 19:00:00
3533,59,TikTok,126,Shorts,5.72,10,2023-05-28 04:00:00
3535,27,TikTok,100,Reels,0.55,6,2023-05-28 06:00:00
3539,27,TikTok,19,Reels,8.91,2,2023-05-28 10:00:00
3545,43,TikTok,348,Posts,5.32,1,2023-05-28 16:00:00
3546,20,TikTok,156,Reels,1.5,4,2023-05-28 17:00:00
3553,60,TikTok,45,Posts,4.16,8,2023-05-29 00:00:00
3573,64,TikTok,268,Stories,9.62,4,2023-05-29 20:00:00
3575,27,TikTok,282,Live,9.93,8,2023-05-29 22:00:00
3576,30,TikTok,332,Live,7.82,7,2023-05-29 23:00:00
3582,25,TikTok,98,Shorts,5.16,7,2023-05-30 05:00:00
3588,33,TikTok,225,Shorts,2.96,8,2023-05-30 11:00:00
3589,24,TikTok,347,Stories,6.75,1,2023-05-30 12:00:00
3592,18,TikTok,179,Reels,1.47,1,2023-05-30 15:00:00
3604,32,TikTok,35,Shorts,8.83,6,2023-05-31 03:00:00
3607,50,TikTok,28,Reels,6.89,6,2023-05-31 06:00:00
3611,30,TikTok,259,Reels,5.85,6,2023-05-31 10:00:00
3613,52,TikTok,118,Live,4.47,4,2023-05-31 12:00:00
3621,43,TikTok,151,Live,6.43,7,2023-05-31 20:00:00
3624,33,TikTok,46,Stories,6.65,4,2023-05-31 23:00:00
3633,47,TikTok,222,Reels,4.07,7,2023-06-01 08:00:00
3637,59,TikTok,131,Posts,9.07,3,2023-06-01 12:00:00
3643,63,TikTok,357,Posts,9.1,10,2023-06-01 18:00:00
3646,48,TikTok,323,Shorts,7.25,3,2023-06-01 21:00:00
3647,39,TikTok,223,Live,2.02,9,2023-06-01 22:00:00
3652,22,TikTok,194,Posts,9.3,10,2023-06-02 03:00:00
3653,19,TikTok,202,Live,7.31,9,2023-06-02 04:00:00
3655,16,TikTok,281,Shorts,0.98,7,2023-06-02 06:00:00
3663,43,TikTok,53,Reels,3.04,10,2023-06-02 14:00:00
3666,62,TikTok,325,Live,8.07,8,2023-06-02 17:00:00
3669,26,TikTok,332,Live,6.78,8,2023-06-02 20:00:00
3670,64,TikTok,69,Reels,1.57,1,2023-06-02 21:00:00
3672,53,TikTok,55,Shorts,5.07,7,2023-06-02 23:00:00
3674,23,TikTok,78,Posts,8.82,3,2023-06-03 01:00:00
3687,18,TikTok,123,Shorts,6.39,3,2023-06-03 14:00:00
3692,42,TikTok,256,Reels,2.67,7,2023-06-03 19:00:00
3695,42,TikTok,73,Shorts,9.77,5,2023-06-03 22:00:00
3698,30,TikTok,73,Shorts,7.19,9,2023-06-04 01:00:00
3701,52,TikTok,343,Stories,3.14,7,2023-06-04 04:00:00
3703,57,TikTok,40,Reels,6.46,1,2023-06-04 06:00:00
3712,44,TikTok,101,Live,2.75,7,2023-06-04 15:00:00
3721,20,TikTok,28,Live,9.13,7,2023-06-05 00:00:00
3724,64,TikTok,298,Shorts,6.01,6,2023-06-05 03:00:00
3725,28,TikTok,14,Live,1.88,4,2023-06-05 04:00:00
3728,37,TikTok,130,Stories,7.86,5,2023-06-05 07:00:00
3739,36,TikTok,236,Reels,4.79,8,2023-06-05 18:00:00
3749,62,TikTok,301,Stories,2.22,1,2023-06-06 04:00:00
3754,50,TikTok,123,Posts,8.09,10,2023-06-06 09:00:00
3758,39,TikTok,339,Posts,5.12,2,2023-06-06 13:00:00
3765,20,TikTok,168,Posts,3.03,1,2023-06-06 20:00:00
3777,26,TikTok,122,Live,2.31,8,2023-06-07 08:00:00
3783,56,TikTok,336,Posts,3.66,5,2023-06-07 14:00:00
3791,59,TikTok,99,Posts,2.2,9,2023-06-07 22:00:00
3804,32,TikTok,26,Shorts,2.31,1,2023-06-08 11:00:00
3808,43,TikTok,280,Stories,9.35,3,2023-06-08 15:00:00
3811,19,TikTok,70,Live,5.3,4,2023-06-08 18:00:00
3817,23,TikTok,247,Shorts,2.92,9,2023-06-09 00:00:00
3821,64,TikTok,294,Reels,9.83,5,2023-06-09 04:00:00
3824,23,TikTok,60,Reels,3.1,4,2023-06-09 07:00:00
3827,18,TikTok,310,Reels,6.25,3,2023-06-09 10:00:00
3829,28,TikTok,157,Reels,2.04,1,2023-06-09 12:00:00
3831,61,TikTok,115,Shorts,5.86,1,2023-06-09 14:00:00
3837,37,TikTok,354,Live,4.93,3,2023-06-09 20:00:00
3841,57,TikTok,162,Reels,7.72,4,2023-06-10 00:00:00
3854,23,TikTok,115,Live,4.81,3,2023-06-10 13:00:00
3863,51,TikTok,354,Live,3.47,9,2023-06-10 22:00:00
3872,20,TikTok,212,Stories,2.14,1,2023-06-11 07:00:00
3876,50,TikTok,89,Reels,4.9,8,2023-06-11 11:00:00
3878,55,TikTok,249,Stories,9.3,9,2023-06-11 13:00:00
3881,49,TikTok,216,Posts,4.91,8,2023-06-11 16:00:00
3882,61,TikTok,88,Posts,2.2,2,2023-06-11 17:00:00
3885,45,TikTok,137,Posts,5.97,3,2023-06-11 20:00:00
3897,60,TikTok,24,Stories,6.6,1,2023-06-12 08:00:00
3898,34,TikTok,251,Posts,5.3,10,2023-06-12 09:00:00
3906,31,TikTok,15,Posts,1.36,3,2023-06-12 17:00:00
3910,41,TikTok,294,Shorts,9.11,4,2023-06-12 21:00:00
3913,46,TikTok,325,Shorts,8.1,10,2023-06-13 00:00:00
3917,23,TikTok,190,Stories,8.0,8,2023-06-13 04:00:00
3921,44,TikTok,146,Reels,8.89,4,2023-06-13 08:00:00
3926,56,TikTok,292,Stories,3.69,10,2023-06-13 13:00:00
3931,34,TikTok,305,Shorts,7.29,7,2023-06-13 18:00:00
3941,23,TikTok,228,Shorts,0.92,7,2023-06-14 04:00:00
3946,61,TikTok,100,Reels,5.13,2,2023-06-14 09:00:00
3952,28,TikTok,76,Live,5.25,6,2023-06-14 15:00:00
3953,38,TikTok,183,Live,9.62,1,2023-06-14 16:00:00
3954,23,TikTok,174,Live,3.76,1,2023-06-14 17:00:00
3955,33,TikTok,163,Posts,9.72,9,2023-06-14 18:00:00
3971,33,TikTok,311,Posts,3.19,6,2023-06-15 10:00:00
3978,23,TikTok,47,Shorts,9.07,1,2023-06-15 17:00:00
3979,56,TikTok,135,Reels,7.04,5,2023-06-15 18:00:00
3983,44,TikTok,90,Shorts,8.93,6,2023-06-15 22:00:00
3994,51,TikTok,250,Posts,0.68,3,2023-06-16 09:00:00
3998,34,TikTok,73,Stories,8.93,9,2023-06-16 13:00:00
4002,27,TikTok,76,Posts,1.33,2,2023-06-16 17:00:00
4003,52,TikTok,100,Stories,1.82,5,2023-06-16 18:00:00
4005,38,TikTok,232,Posts,4.46,5,2023-06-16 20:00:00
4006,41,TikTok,303,Reels,8.69,2,2023-06-16 21:00:00
4011,25,TikTok,285,Live,3.01,2,2023-06-17 02:00:00
4037,52,TikTok,227,Live,7.04,4,2023-06-18 04:00:00
4043,62,TikTok,129,Posts,3.45,3,2023-06-18 10:00:00
4060,24,TikTok,39,Shorts,2.32,8,2023-06-19 03:00:00
4062,53,TikTok,252,Reels,1.59,6,2023-06-19 05:00:00
4067,60,TikTok,321,Shorts,6.17,10,2023-06-19 10:00:00
4086,16,TikTok,253,Stories,2.94,4,2023-06-20 05:00:00
4094,59,TikTok,62,Live,3.3,6,2023-06-20 13:00:00
4097,61,TikTok,253,Reels,8.58,3,2023-06-20 16:00:00
4100,53,TikTok,110,Stories,8.57,5,2023-06-20 19:00:00
4102,17,TikTok,78,Reels,7.59,6,2023-06-20 21:00:00
4103,37,TikTok,258,Stories,3.77,8,2023-06-20 22:00:00
4108,50,TikTok,236,Posts,3.99,10,2023-06-21 03:00:00
4110,18,TikTok,63,Stories,8.68,3,2023-06-21 05:00:00
4114,27,TikTok,74,Live,9.94,9,2023-06-21 09:00:00
4117,58,TikTok,206,Live,6.82,10,2023-06-21 12:00:00
4118,40,TikTok,211,Posts,9.4,5,2023-06-21 13:00:00
4122,16,TikTok,255,Shorts,9.56,1,2023-06-21 17:00:00
4126,62,TikTok,208,Reels,3.56,10,2023-06-21 21:00:00
4127,32,TikTok,29,Stories,7.43,8,2023-06-21 22:00:00
4128,55,TikTok,45,Posts,2.71,1,2023-06-21 23:00:00
4130,27,TikTok,8,Posts,8.95,5,2023-06-22 01:00:00
4133,62,TikTok,121,Shorts,3.03,3,2023-06-22 04:00:00
4137,52,TikTok,149,Posts,1.57,2,2023-06-22 08:00:00
4142,40,TikTok,28,Posts,3.98,5,2023-06-22 13:00:00
4149,51,TikTok,89,Shorts,1.54,5,2023-06-22 20:00:00
4155,47,TikTok,293,Shorts,1.9,6,2023-06-23 02:00:00
4158,48,TikTok,46,Live,6.43,2,2023-06-23 05:00:00
4168,56,TikTok,167,Shorts,7.43,3,2023-06-23 15:00:00
4170,49,TikTok,329,Posts,5.29,5,2023-06-23 17:00:00
4178,19,TikTok,261,Stories,8.1,10,2023-06-24 01:00:00
4181,24,TikTok,225,Live,5.32,8,2023-06-24 04:00:00
4182,20,TikTok,73,Reels,7.91,2,2023-06-24 05:00:00
4190,56,TikTok,133,Posts,9.05,10,2023-06-24 13:00:00
4200,34,TikTok,26,Reels,3.72,1,2023-06-24 23:00:00
4207,46,TikTok,155,Live,9.45,7,2023-06-25 06:00:00
4209,26,TikTok,222,Reels,4.62,7,2023-06-25 08:00:00
4217,46,TikTok,21,Stories,8.6,6,2023-06-25 16:00:00
4221,64,TikTok,87,Reels,8.02,5,2023-06-25 20:00:00
4222,20,TikTok,310,Live,2.26,4,2023-06-25 21:00:00
4225,26,TikTok,266,Live,1.43,10,2023-06-26 00:00:00
4227,53,TikTok,10,Shorts,5.99,6,2023-06-26 02:00:00
4228,42,TikTok,121,Shorts,6.73,8,2023-06-26 03:00:00
4229,49,TikTok,122,Shorts,3.19,9,2023-06-26 04:00:00
4231,47,TikTok,357,Posts,5.68,7,2023-06-26 06:00:00
4232,36,TikTok,133,Live,4.5,5,2023-06-26 07:00:00
4238,33,TikTok,101,Shorts,5.84,9,2023-06-26 13:00:00
4239,29,TikTok,21,Stories,9.28,2,2023-06-26 14:00:00
4241,61,TikTok,105,Reels,4.21,10,2023-06-26 16:00:00
4243,46,TikTok,188,Live,5.47,3,2023-06-26 18:00:00
4244,45,TikTok,219,Live,8.76,10,2023-06-26 19:00:00
4252,58,TikTok,106,Shorts,1.08,7,2023-06-27 03:00:00
4258,28,TikTok,35,Reels,1.61,4,2023-06-27 09:00:00
4260,46,TikTok,193,Stories,6.91,1,2023-06-27 11:00:00
4266,19,TikTok,56,Shorts,6.05,10,2023-06-27 17:00:00
4282,59,TikTok,200,Reels,6.17,7,2023-06-28 09:00:00
4289,17,TikTok,71,Stories,6.84,9,2023-06-28 16:00:00
4291,23,TikTok,327,Reels,3.54,8,2023-06-28 18:00:00
4303,32,TikTok,52,Stories,5.59,3,2023-06-29 06:00:00
4311,52,TikTok,308,Stories,3.03,6,2023-06-29 14:00:00
4316,43,TikTok,96,Stories,5.06,9,2023-06-29 19:00:00
4322,55,TikTok,203,Posts,7.44,2,2023-06-30 01:00:00
4333,28,TikTok,348,Reels,1.79,7,2023-06-30 12:00:00
4348,35,TikTok,291,Stories,9.76,10,2023-07-01 03:00:00
4354,42,TikTok,8,Stories,7.35,3,2023-07-01 09:00:00
4362,42,TikTok,131,Stories,4.64,3,2023-07-01 17:00:00
4367,41,TikTok,322,Reels,0.97,4,2023-07-01 22:00:00
4379,49,TikTok,7,Reels,0.71,3,2023-07-02 10:00:00
4388,27,TikTok,141,Posts,2.21,5,2023-07-02 19:00:00
4394,22,TikTok,125,Posts,9.05,5,2023-07-03 01:00:00
4395,41,TikTok,94,Shorts,7.92,9,2023-07-03 02:00:00
4396,55,TikTok,324,Posts,0.92,5,2023-07-03 03:00:00
4408,56,TikTok,64,Reels,0.77,6,2023-07-03 15:00:00
4414,43,TikTok,307,Shorts,5.52,5,2023-07-03 21:00:00
4416,42,TikTok,338,Shorts,2.67,10,2023-07-03 23:00:00
4419,50,TikTok,27,Shorts,9.15,1,2023-07-04 02:00:00
4435,49,TikTok,227,Reels,8.39,3,2023-07-04 18:00:00
4436,64,TikTok,160,Reels,7.73,2,2023-07-04 19:00:00
4445,25,TikTok,106,Posts,4.03,7,2023-07-05 04:00:00
4454,62,TikTok,127,Shorts,6.78,6,2023-07-05 13:00:00
4456,43,TikTok,232,Reels,7.96,1,2023-07-05 15:00:00
4458,53,TikTok,234,Shorts,4.98,5,2023-07-05 17:00:00
4463,28,TikTok,139,Posts,6.97,3,2023-07-05 22:00:00
4474,54,TikTok,20,Shorts,2.35,4,2023-07-06 09:00:00
4482,46,TikTok,98,Shorts,9.38,4,2023-07-06 17:00:00
4491,25,TikTok,228,Shorts,3.14,1,2023-07-07 02:00:00
4493,32,TikTok,281,Live,0.71,6,2023-07-07 04:00:00
4496,62,TikTok,135,Reels,9.09,5,2023-07-07 07:00:00
4501,64,TikTok,24,Live,3.97,10,2023-07-07 12:00:00
4503,40,TikTok,314,Posts,2.96,10,2023-07-07 14:00:00
4511,47,TikTok,167,Posts,4.54,10,2023-07-07 22:00:00
4512,54,TikTok,206,Posts,9.93,9,2023-07-07 23:00:00
4514,16,TikTok,351,Posts,7.87,3,2023-07-08 01:00:00
4516,38,TikTok,18,Live,5.23,9,2023-07-08 03:00:00
4519,49,TikTok,261,Posts,3.47,1,2023-07-08 06:00:00
4524,21,TikTok,168,Shorts,0.82,1,2023-07-08 11:00:00
4532,62,TikTok,206,Shorts,0.51,9,2023-07-08 19:00:00
4536,18,TikTok,335,Reels,2.77,5,2023-07-08 23:00:00
4537,41,TikTok,238,Live,4.75,9,2023-07-09 00:00:00
4548,55,TikTok,45,Shorts,0.94,7,2023-07-09 11:00:00
4554,39,TikTok,67,Stories,9.58,8,2023-07-09 17:00:00
4566,21,TikTok,48,Stories,9.18,6,2023-07-10 05:00:00
4571,34,TikTok,59,Posts,5.2,9,2023-07-10 10:00:00
4574,58,TikTok,260,Shorts,3.79,2,2023-07-10 13:00:00
4583,37,TikTok,264,Shorts,4.1,2,2023-07-10 22:00:00
4585,23,TikTok,335,Stories,4.47,2,2023-07-11 00:00:00
4587,29,TikTok,324,Stories,6.14,5,2023-07-11 02:00:00
4598,20,TikTok,65,Live,1.61,7,2023-07-11 13:00:00
4603,48,TikTok,43,Live,0.88,6,2023-07-11 18:00:00
4604,20,TikTok,127,Reels,7.16,9,2023-07-11 19:00:00
4613,20,TikTok,150,Reels,8.52,2,2023-07-12 04:00:00
4619,48,TikTok,140,Shorts,7.61,6,2023-07-12 10:00:00
4620,28,TikTok,245,Live,5.18,7,2023-07-12 11:00:00
4621,35,TikTok,348,Stories,3.37,6,2023-07-12 12:00:00
4627,34,TikTok,199,Reels,2.79,5,2023-07-12 18:00:00
4645,20,TikTok,314,Stories,0.8,3,2023-07-13 12:00:00
4647,41,TikTok,338,Posts,6.72,2,2023-07-13 14:00:00
4650,64,TikTok,209,Stories,8.11,6,2023-07-13 17:00:00
4665,37,TikTok,321,Reels,8.55,7,2023-07-14 08:00:00
4670,44,TikTok,311,Posts,3.08,3,2023-07-14 13:00:00
4674,42,TikTok,325,Reels,5.97,8,2023-07-14 17:00:00
4681,62,TikTok,142,Shorts,6.76,3,2023-07-15 00:00:00
4687,21,TikTok,142,Posts,2.31,10,2023-07-15 06:00:00
4689,42,TikTok,103,Stories,4.86,7,2023-07-15 08:00:00
4692,48,TikTok,331,Stories,1.99,6,2023-07-15 11:00:00
4697,51,TikTok,51,Posts,2.1,6,2023-07-15 16:00:00
4703,41,TikTok,150,Stories,9.25,7,2023-07-15 22:00:00
4707,37,TikTok,155,Posts,7.33,10,2023-07-16 02:00:00
4708,63,TikTok,25,Posts,1.09,9,2023-07-16 03:00:00
4725,34,TikTok,138,Stories,2.88,2,2023-07-16 20:00:00
4728,51,TikTok,83,Live,4.43,5,2023-07-16 23:00:00
4729,24,TikTok,254,Live,8.84,4,2023-07-17 00:00:00
4735,21,TikTok,176,Posts,4.16,6,2023-07-17 06:00:00
4736,63,TikTok,21,Live,4.87,2,2023-07-17 07:00:00
4737,53,TikTok,227,Posts,1.96,2,2023-07-17 08:00:00
4741,50,TikTok,238,Stories,6.3,10,2023-07-17 12:00:00
4743,40,TikTok,56,Shorts,7.27,10,2023-07-17 14:00:00
4745,62,TikTok,328,Live,9.84,8,2023-07-17 16:00:00
4747,19,TikTok,188,Stories,4.77,2,2023-07-17 18:00:00
4754,32,TikTok,291,Shorts,7.85,10,2023-07-18 01:00:00
4756,56,TikTok,110,Shorts,2.44,7,2023-07-18 03:00:00
4757,57,TikTok,17,Shorts,0.73,8,2023-07-18 04:00:00
4761,54,TikTok,145,Posts,4.64,2,2023-07-18 08:00:00
4764,62,TikTok,61,Posts,1.75,4,2023-07-18 11:00:00
4767,48,TikTok,137,Shorts,3.83,3,2023-07-18 14:00:00
4768,61,TikTok,167,Posts,3.4,2,2023-07-18 15:00:00
4770,58,TikTok,187,Live,4.4,8,2023-07-18 17:00:00
4772,49,TikTok,329,Shorts,0.6,6,2023-07-18 19:00:00
4779,33,TikTok,245,Posts,7.19,9,2023-07-19 02:00:00
4780,45,TikTok,158,Posts,1.24,3,2023-07-19 03:00:00
4785,34,TikTok,90,Posts,9.15,3,2023-07-19 08:00:00
4786,51,TikTok,181,Live,4.4,2,2023-07-19 09:00:00
4787,28,TikTok,263,Reels,5.61,7,2023-07-19 10:00:00
4790,25,TikTok,146,Live,0.94,2,2023-07-19 13:00:00
4792,16,TikTok,207,Live,1.11,7,2023-07-19 15:00:00
4799,24,TikTok,285,Live,3.15,4,2023-07-19 22:00:00
4803,54,TikTok,230,Live,5.45,2,2023-07-20 02:00:00
4807,52,TikTok,213,Reels,5.21,4,2023-07-20 06:00:00
4808,24,TikTok,117,Live,7.2,7,2023-07-20 07:00:00
4816,58,TikTok,56,Stories,8.53,1,2023-07-20 15:00:00
4819,43,TikTok,18,Shorts,2.89,4,2023-07-20 18:00:00
4836,53,TikTok,276,Live,5.43,5,2023-07-21 11:00:00
4837,16,TikTok,160,Posts,7.74,5,2023-07-21 12:00:00
4840,36,TikTok,14,Posts,4.79,1,2023-07-21 15:00:00
4845,25,TikTok,279,Shorts,7.9,5,2023-07-21 20:00:00
4847,36,TikTok,72,Shorts,4.59,6,2023-07-21 22:00:00
4850,60,TikTok,46,Reels,1.01,9,2023-07-22 01:00:00
4851,62,TikTok,155,Shorts,2.37,4,2023-07-22 02:00:00
4853,34,TikTok,138,Shorts,5.99,2,2023-07-22 04:00:00
4863,40,TikTok,149,Live,5.33,5,2023-07-22 14:00:00
4865,39,TikTok,310,Reels,0.93,2,2023-07-22 16:00:00
4866,40,TikTok,80,Shorts,7.3,7,2023-07-22 17:00:00
4869,47,TikTok,193,Reels,2.09,8,2023-07-22 20:00:00
4871,20,TikTok,50,Stories,8.07,10,2023-07-22 22:00:00
4874,57,TikTok,265,Posts,5.63,4,2023-07-23 01:00:00
4880,64,TikTok,85,Posts,5.1,9,2023-07-23 07:00:00
4893,27,TikTok,234,Reels,5.58,1,2023-07-23 20:00:00
4896,18,TikTok,114,Stories,1.43,4,2023-07-23 23:00:00
4900,44,TikTok,189,Shorts,7.63,9,2023-07-24 03:00:00
4909,38,TikTok,144,Stories,3.5,6,2023-07-24 12:00:00
4910,60,TikTok,306,Shorts,2.9,3,2023-07-24 13:00:00
4911,32,TikTok,290,Reels,5.39,10,2023-07-24 14:00:00
4914,17,TikTok,36,Shorts,7.43,5,2023-07-24 17:00:00
4919,45,TikTok,78,Stories,8.23,2,2023-07-24 22:00:00
4921,48,TikTok,128,Shorts,7.66,4,2023-07-25 00:00:00
4938,62,TikTok,236,Posts,6.44,5,2023-07-25 17:00:00
4940,30,TikTok,222,Shorts,8.13,3,2023-07-25 19:00:00
4943,23,TikTok,315,Posts,6.64,3,2023-07-25 22:00:00
4945,24,TikTok,84,Live,2.7,9,2023-07-26 00:00:00
4956,44,TikTok,116,Live,7.31,3,2023-07-26 11:00:00
4957,49,TikTok,179,Reels,6.53,7,2023-07-26 12:00:00
4960,49,TikTok,8,Reels,4.08,2,2023-07-26 15:00:00
4963,62,TikTok,175,Posts,0.64,10,2023-07-26 18:00:00
4972,22,TikTok,8,Reels,0.89,4,2023-07-27 03:00:00
4982,64,TikTok,180,Live,2.01,5,2023-07-27 13:00:00
4987,30,TikTok,232,Live,3.1,5,2023-07-27 18:00:00
4989,58,TikTok,295,Live,1.15,1,2023-07-27 20:00:00
4991,41,TikTok,255,Live,4.78,3,2023-07-27 22:00:00
4997,44,TikTok,305,Live,2.0,3,2023-07-28 04:00:00
